mean;std
97.25338302612305;40.70420644799345
